filename,MSE,PSNR,SSIM,NCC,LPIPS,UQI,VIF
test_1.jpg,110.47487687687688,27.69816834650079,0.7689246449785501,0.982411225587837,0.09268991649150848,0.9101768068976843,0.4686565525805712
test_10.jpg,101.71708896797153,28.05686438220286,0.3921864877142615,-0.2658838819615272,0.6458721160888672,0.688576804040449,0.008463361651072488
test_100.jpg,101.626608,28.06072930531448,0.39963670527405504,-0.2794729056070383,0.5298596620559692,0.7892160446412002,0.027264691277760742
test_101.jpg,105.47314714714715,27.899384560231667,0.3253350616279273,0.3710937449199202,0.4994491934776306,0.8365452665312382,0.018425825588691453
test_102.jpg,103.990828,27.960853246907522,0.29746591961215707,0.142913885995762,0.5951539874076843,0.6192766358676207,0.015912022950739655
test_103.jpg,102.11444266666666,28.039931895268705,0.4437855746734458,-0.27690847200512914,0.480899453163147,0.8687358760805421,0.030851409319356406
test_104.jpg,105.77428266666666,27.88700272125412,0.43010695509241104,0.31139813869695626,0.5642347931861877,0.7589463537802674,0.020463048637587924
test_105.jpg,104.95045045045045,27.920960539406757,0.4783230638611269,-0.05206684388538589,0.5471901893615723,0.8735797721917907,0.0368257663292816
test_106.jpg,107.9584225221033,27.798238308055048,0.19579835863237813,-0.12166138773737686,0.633664608001709,0.6648206195719026,0.013724939355343494
test_107.jpg,102.601232,28.019277852033277,0.4379581205079639,-0.37691012623390674,0.5338811278343201,0.6969091948709268,0.03390294606605629
test_108.jpg,108.237452,27.787028008127557,0.45182689004552834,-0.22861361302328023,0.5349436402320862,0.7806726272438832,0.01768342703098591
test_109.jpg,103.45470870870871,27.98330098638797,0.24693650414304594,0.06478081816409832,0.6196385622024536,0.8538427170975054,0.0119186496380548
test_11.jpg,97.13374933333333,28.257102081729812,0.3629472974648782,0.005117049111736473,0.5396634936332703,0.5640297884001437,0.029034094854383442
test_110.jpg,111.09753066666667,27.673759547601545,0.5398054108893187,0.19559011485403383,0.5398048162460327,0.7358445652261226,0.026925353727627242
test_111.jpg,102.6861921921922,28.01568311213118,0.35702804417320855,0.025146672520369305,0.6706271171569824,0.6475033954415442,0.014083356376510347
test_112.jpg,104.57211363636364,27.936644746972377,0.17615745100427518,-0.06267160012575697,0.5750223994255066,0.7279970330849427,0.017327408998726864
test_113.jpg,103.4521626506024,27.98340786915885,0.21849096477017818,-0.0639294733236755,0.6408750414848328,0.6226208505552122,0.02021017952553099
test_114.jpg,105.73022891566265,27.88881188372557,0.4486890128329268,0.15115176463358182,0.4993038773536682,0.9374863472244226,0.038991208198435046
test_115.jpg,106.54140119760478,27.85561956682792,0.26358954693569925,0.447161543891159,0.6447657346725464,0.7386548265065787,0.01698236302799619
test_116.jpg,105.40874666666667,27.902037113627145,0.3614051318431533,0.038079416479040645,0.5589592456817627,0.72697039645197,0.02892395128607573
test_117.jpg,102.63822222222223,28.01771239770771,0.32338854150761,0.0790227169915842,0.5598989725112915,0.863331226822051,0.012349382927807304
test_118.jpg,106.14998198198198,27.87160436083523,0.20654292701582153,0.0420608574745449,0.5793807506561279,0.6926504457030512,0.01367761721049502
test_119.jpg,106.20032028469751,27.86954534351584,0.2914077931316493,-0.12800010793327435,0.5516219735145569,0.7769287631816006,0.024146275020336196
test_12.jpg,107.280352,27.8256017104854,0.28665974368872515,0.15996768091234065,0.5767782330513,0.6008606447083118,0.024272821567808463
test_120.jpg,105.1826966966967,27.911360597120026,0.2902818052443645,0.19965756732684922,0.640195369720459,0.7514094821265945,0.011427659055790728
test_121.jpg,106.10668387096774,27.87337619032059,0.2732738442388481,-0.039371659513210644,0.5975748300552368,0.7968362991926218,0.025455693650207372
test_122.jpg,99.79691733333334,28.139632344683125,0.26461923841574087,0.2792373410752943,0.5384812355041504,0.7377884505258361,0.020241386543028286
test_123.jpg,99.04963428571429,28.172274845066152,0.4420711469622948,0.12291680662963513,0.5539254546165466,0.8489481362930952,0.021829751099957082
test_124.jpg,105.049392,27.916868177081295,0.027085713581484108,-0.13632250886082192,0.7550466060638428,0.6582064060972553,0.006417631949063744
test_125.jpg,107.42807784431137,27.819625556760176,0.3725908028734508,0.3051714300566338,0.5554707646369934,0.8136258581128786,0.0259860276736199
test_126.jpg,103.258544,27.991543638950734,0.23079057147556867,0.18779011102893484,0.6540963053703308,0.582404824087843,0.01865879674719424
test_127.jpg,101.0526334841629,28.08532724929134,0.4843357949769224,0.5096822661265656,0.595847487449646,0.7788191093722625,0.057239982409662535
test_128.jpg,107.87785826771653,27.801480451833264,0.32143678197859277,0.11240255538568163,0.6433671116828918,0.7604234301848681,0.012767589378012251
test_129.jpg,96.33940331491712,28.292764087155426,0.37207601500959037,-0.10248333223557349,0.6877264976501465,0.6313347209272732,0.015315487500272354
test_13.jpg,107.6180823798627,27.811951116750322,0.37784663701671095,0.1181801365846695,0.5630861520767212,0.7599476366822506,0.013893348952730294
test_130.jpg,107.65145731707317,27.8106044746568,0.2932747277775416,0.06265679889027459,0.5599923729896545,0.7281968560137552,0.02475119941359818
test_131.jpg,99.8111051051051,28.13901496759316,0.33645995306310345,-0.06217062520112471,0.6129752397537231,0.8087184828722846,0.01298570670169338
test_132.jpg,103.92275075075075,27.96369727228829,0.3351727097107094,0.13978489433960084,0.6858783960342407,0.8328950893895396,0.011372070352166756
test_133.jpg,104.54765765765765,27.937660537739962,0.32434581731081297,-0.08018667072625728,0.6046719551086426,0.7588227132819324,0.015737039858170813
test_134.jpg,106.75142196531792,27.84706692181828,0.2240456431662027,-0.1626046139518526,0.6429212093353271,0.6161557565447414,0.011622627606229959
test_135.jpg,108.8552972972973,27.76230792617055,0.30752775282698014,0.08473086076161729,0.5380263328552246,0.8103192799362052,0.02172888773525044
test_136.jpg,101.16321321321321,28.080577456264905,0.40764517317462073,-0.13339395013946467,0.5874773859977722,0.9359031218673504,0.009885647427184584
test_137.jpg,99.77822822822823,28.14044573005932,0.16128835932936866,0.3425209747955576,0.6240043640136719,0.7722354820086013,0.00783267853713493
test_138.jpg,108.49675151515152,27.77663625634185,0.2592850655693949,0.06684729045056048,0.63410484790802,0.6587045959768613,0.011580967645898187
test_139.jpg,109.88868292682926,27.721273926983553,0.18300653453629512,-0.17458275574201113,0.6579726338386536,0.44995706129297375,0.01286871280737079
test_14.jpg,110.59109,27.693602223233654,0.3775651772344452,0.06481205346922568,0.5862510204315186,0.8676146888777018,0.015178239204392159
test_140.jpg,107.88210666666667,27.801309423234724,0.19913275421169502,-0.2041103656062967,0.6087490916252136,0.44012492578962586,0.013464166937554933
test_141.jpg,106.22891891891892,27.868375991391442,0.37266694971017583,0.13103606288859948,0.5482320189476013,0.8462200967106436,0.02276831606658334
test_142.jpg,104.2431891891892,27.95032671266994,0.31749615427960004,0.01125339943834146,0.6367895603179932,0.7809316696580686,0.01749777717664501
test_143.jpg,104.69157081545065,27.931686447640857,0.24485980024569895,0.15745372590044082,0.6289373636245728,0.7726639113805982,0.01959218159771815
test_144.jpg,106.3261021021021,27.864404678652885,0.1582682694924945,-0.046435660084325155,0.5960440039634705,0.7417409908980149,0.008505608095248415
test_145.jpg,110.37950933333333,27.701919016903908,0.2513171143394396,-0.11558089367221495,0.653018593788147,0.44215731679111614,0.019509633471021626
test_146.jpg,98.2790817610063,28.20619270731733,0.3401927585777399,0.3437854733983136,0.5806418061256409,0.8755764111852191,0.020045537879147923
test_147.jpg,108.46570666666666,27.77787910790184,0.30078136099678776,-0.07147178557620058,0.5913656949996948,0.6588382660716219,0.013591990303324688
test_148.jpg,105.99730930930932,27.877855198196585,0.354085585856474,-0.0025421341316657956,0.5396672487258911,0.9012455675386747,0.011822834639274452
test_149.jpg,108.13042642642642,27.79132445177293,0.32876706953619406,0.11827029245025826,0.6063181757926941,0.8642432598316985,0.01683294641756129
test_15.jpg,102.59345945945945,28.019606863611966,0.3792388300884404,-0.14126993864044893,0.5553271174430847,0.864884897636628,0.019691531620462225
test_150.jpg,101.14137537537538,28.081515057588998,0.34605186998134846,0.10694149588506946,0.6163256168365479,0.7412464210657855,0.011351422398111446
test_151.jpg,111.65036526946108,27.652202126431508,0.08040308066140965,-0.45572210154085846,0.6406723260879517,0.1948082023136172,0.012865028126205266
test_152.jpg,106.6706006006006,27.850356205086474,0.1834511835318689,-0.20608678787628293,0.6354468464851379,0.5106750020023494,0.010355958464794809
test_153.jpg,106.05079768786128,27.875664213474035,0.26086533539288526,0.15194881098815824,0.6457617282867432,0.6692749585970245,0.014603694239220212
test_154.jpg,104.462896,27.94118299357499,0.26520838381512485,0.07155010516828787,0.5927140712738037,0.8143223574448445,0.016204002306026064
test_155.jpg,104.45357333333334,27.941570591805572,0.25655269880061043,0.09494299232797077,0.5601195693016052,0.8825599619919073,0.01695875469177935
test_156.jpg,79.39754954954955,29.132732618857908,0.41793350829352405,0.04031923189635703,0.5338060259819031,0.9074489223232082,0.011611150672051367
test_157.jpg,103.65094025974025,27.97507114758681,0.15249515942670028,-0.056868559745750114,0.6800278425216675,0.525279651114144,0.007188852810337425
test_158.jpg,103.18027027027027,27.99483699738711,0.17824762329155763,0.22170912389322028,0.5564472675323486,0.331389223377787,0.01986672386899218
test_159.jpg,105.62382686567165,27.893184624708212,0.29479960241028563,0.023057174818313583,0.6822547316551208,0.6376682756399428,0.009970626476516758
test_16.jpg,104.894704,27.923267990960667,0.2390744714232809,0.007095395532573677,0.5906549692153931,0.8684240699258385,0.01705576775636467
test_160.jpg,104.40288288288288,27.94367869837282,0.3057526547371638,0.23715437550638652,0.711050808429718,0.7501617865262334,0.008775441773211901
test_161.jpg,109.35616816816817,27.742370766872185,0.28603892324314456,0.25486184696485115,0.6133601665496826,0.760051194384722,0.008373217732287781
test_162.jpg,97.70677900552487,28.231556642672754,0.4733605867792005,0.193487622788619,0.47619450092315674,0.9050348127164417,0.01515832730226965
test_163.jpg,105.4562042042042,27.90008225608063,0.34566288977807447,0.1930338320046108,0.5876971483230591,0.8586430293400097,0.016098323653882265
test_164.jpg,111.55081656804734,27.65607607138246,0.3662852894123101,0.13431508420592253,0.645089864730835,0.7119764860080073,0.025201479399171774
test_165.jpg,110.12937765957447,27.711771758327327,0.4724023426336977,0.08848523104713242,0.6543545126914978,0.5900840262961843,0.007939689664287286
test_166.jpg,104.7538,27.92910574679718,0.20984406060128089,-0.0728617750680721,0.6000906229019165,0.7711416225952958,0.009339603815812112
test_167.jpg,107.3363963963964,27.82333350235796,0.29630665829038966,0.014875864279145582,0.6045724153518677,0.735017081548865,0.02475515563702469
test_168.jpg,105.14221084337349,27.913032561046336,0.19596719974883223,-0.10286449291962028,0.5302910804748535,0.719233129961901,0.012616168552809717
test_169.jpg,106.04273273273273,27.875994498467065,0.22987909784784852,-0.0071257011326604485,0.5980643630027771,0.8028040441257754,0.00778323600594864
test_17.jpg,108.09478109452736,27.792756345053746,0.3680145596220504,0.08596423682845898,0.6263837814331055,0.7184299639876504,0.016067057407037233
test_170.jpg,107.74894894894895,27.806673183961436,0.3086130476715555,0.11877502982836641,0.5853191614151001,0.8263330423048899,0.0140298866840502
test_171.jpg,108.99571771771772,27.75670925386906,0.5148364405953392,-0.042464184389741935,0.5709587931632996,0.8335831516331239,0.011308969888943279
test_172.jpg,103.63069720101781,27.97591940880625,0.42392892569594653,0.30614706615626974,0.5261004567146301,0.892825134505208,0.022081320430184705
test_173.jpg,110.16763363363363,27.71026339845415,0.24496643196039922,-0.022020871401862235,0.6911884546279907,0.7335912197965146,0.022207050880836188
test_174.jpg,106.09775257731958,27.87374176340802,0.3757654537516314,0.18398549091910713,0.527414858341217,0.7281426277025079,0.02509728195780904
test_175.jpg,110.165376,27.710352398085295,0.29216044807572195,-0.04032014074580126,0.6801037192344666,0.7339571088640864,0.007489154965703991
test_176.jpg,102.7658978978979,28.01231339709098,0.31026627973540566,-0.06902974469861137,0.6630993485450745,0.6753631536411822,0.019130951987842218
test_177.jpg,105.38489066666666,27.90302011570781,0.25050493723261325,0.1212927284380247,0.5388274192810059,0.6952811224567468,0.014644987558670228
test_178.jpg,105.87905426356589,27.882703074409893,0.2108738207564856,0.11291267181649342,0.6064565777778625,0.645749431524376,0.01133732806050367
test_179.jpg,107.39532589285714,27.820949806506796,0.3532410886139741,0.2827722109731469,0.545896589756012,0.8969842353713237,0.024561371027164724
test_18.jpg,104.74266133333333,27.9295675647623,0.31829784054531013,0.1746798396534097,0.640381932258606,0.4158965830763263,0.021687895237438515
test_180.jpg,107.00483483483484,27.836769598681933,0.3062517580272417,0.019051951385067746,0.5929959416389465,0.8891045508484571,0.01589673404680979
test_181.jpg,105.30626315789473,27.90626158969956,0.3312292105492428,0.24160597251237634,0.5914455056190491,0.7191064183393554,0.013308348822564202
test_182.jpg,107.405984,27.820518826162612,0.3762118286483188,-0.4995436354324006,0.607434093952179,0.7748178337181101,0.009555734489034835
test_183.jpg,108.7128869047619,27.767993321459702,0.12465649485414891,-0.1747284947198624,0.7047770023345947,0.4102613526258668,0.010952231162493184
test_184.jpg,107.71074376417234,27.808213360770708,0.373270839550041,-0.05001352957533612,0.6251125335693359,0.6829196636546038,0.022204702490902832
test_185.jpg,99.18061861861862,28.166535480822628,0.41352620996921374,0.00811234842906953,0.5512109398841858,0.9209430462415439,0.016044714033254488
test_186.jpg,105.87324266666667,27.88294146091163,0.3336655508965129,0.01424196050066995,0.527224063873291,0.5945650803627992,0.01832251656546096
test_187.jpg,108.49851051051051,27.77656584724895,0.24197291525625741,-0.15232017872319173,0.5313146114349365,0.8417267204904155,0.010983084998445098
test_188.jpg,109.55945345345346,27.73430503795126,0.46080222818366484,0.06020512720048692,0.4741668403148651,0.9335972183572867,0.02721997076792708
test_189.jpg,106.363648,27.862871367674174,0.3078791081919345,0.15705234575245558,0.4862765073776245,0.6568446523673712,0.032485752251371215
test_19.jpg,104.32164564564565,27.947059315484513,0.21734240877413782,0.07505906888188975,0.635309100151062,0.7562697474172948,0.014937701827756831
test_190.jpg,107.75193993993994,27.806552630316425,0.31089896808113004,0.33319741097041417,0.5482174158096313,0.7584378133078764,0.016344450023419548
test_191.jpg,102.69006779661017,28.015519202864056,0.26260031274676815,-0.09334758851650908,0.6539797782897949,0.5230233474628265,0.010257779717872948
test_192.jpg,107.2204864864865,27.828025874701602,0.19567152791474998,-0.21198958028779927,0.635881781578064,0.7455675125253924,0.011131528415942804
test_193.jpg,106.67807975460123,27.850051712430815,0.3058598067228114,0.030239047886892294,0.6812458038330078,0.8158497149398801,0.017133052430915164
test_194.jpg,107.64978378378379,27.81067198994553,0.24540293517040243,0.09108021713147253,0.571773886680603,0.6866839521674512,0.011303356878616503
test_195.jpg,106.048336,27.87576502458399,0.3943062639684326,0.33814713556639214,0.4982938766479492,0.8390948327306088,0.026417371547225257
test_196.jpg,107.39426133333333,27.820992856296392,0.4095907248181192,0.16212664919292985,0.5924373865127563,0.8213571011127759,0.020678598477592913
test_197.jpg,100.769088,28.097530328251885,0.3525436052060515,-0.12310905014473213,0.547706127166748,0.7247488990164034,0.020546316097702116
test_198.jpg,107.65544,27.810443805654543,0.4025620210744512,-0.21897504065629872,0.582188069820404,0.6612042166277343,0.021938945204638464
test_199.jpg,107.53482133333333,27.81531242996025,0.4031303596151624,-0.2605088911332908,0.6012797355651855,0.8114173712396611,0.02469309646869976
test_2.jpg,105.02318318318318,27.917951835390326,0.21406148986458248,0.18445398494588358,0.6103079319000244,0.6219934003368098,0.012514705451767067
test_20.jpg,106.85582582582583,27.84282155799402,0.19587229297805975,0.22511546979648564,0.6524976491928101,0.5713407163719505,0.01186169002124971
test_200.jpg,105.83309866666667,27.884588489317178,0.25426575159708026,0.06669904588025809,0.5467875599861145,0.7112683977931129,0.016551811005684612
test_201.jpg,105.44150933333333,27.900687469028153,0.3666412991019948,0.33560006414430443,0.5675061941146851,0.784026028897863,0.02449964434112864
test_202.jpg,108.56213173652695,27.77401998284018,0.24853098842588064,0.01451729902660728,0.6096786856651306,0.5734944027238421,0.016760389739936533
test_203.jpg,107.17287687687687,27.82995472088924,0.2650245192206167,0.21206552494731815,0.5877470374107361,0.6789639288599626,0.022046279037269068
test_204.jpg,103.98664264264264,27.961028042533194,0.25647243277605164,0.02016422664203492,0.6106283664703369,0.8691259652642079,0.00899247961377127
test_205.jpg,106.948096,27.839073036485743,0.21200384932422633,-0.021010757351147952,0.5948213934898376,0.7773147502745071,0.011464314068356
test_206.jpg,109.91480533333333,27.720241657919765,0.25866465808777145,0.23301883979126292,0.6577773094177246,0.4715977506079383,0.012085090956295933
test_207.jpg,100.70674133333333,28.100218175648003,0.4795943420059156,0.25051944036521084,0.5840651392936707,0.7264290747563484,0.023747810467432445
test_208.jpg,107.1523422459893,27.83078692131308,0.24439534825394416,0.08407362443952968,0.6189955472946167,0.48534245009291394,0.022378717099675316
test_209.jpg,106.04067733333333,27.876078677481072,0.3840061635364457,0.15406893174710826,0.4964044988155365,0.7359513849248701,0.04365173014782226
test_21.jpg,104.96538078291815,27.920342752651315,0.18082367265775665,-0.04581664922636749,0.6371320486068726,0.8400171606607251,0.007675717731880583
test_210.jpg,104.64858,27.933470211922334,0.2973960361188223,-0.16168699093258673,0.5968426465988159,0.5657122814888531,0.013928175384989007
test_211.jpg,108.28036266666666,27.7853065917147,0.3192902735444318,0.3576238529571012,0.5988730192184448,0.8081579832748712,0.011971109105930204
test_212.jpg,105.61886933333334,27.893388468815253,0.3736045100791217,0.6489486048318891,0.5134954452514648,0.7641600190407708,0.02662048713413078
test_213.jpg,109.326896,27.74353343040382,0.3443856503470178,-0.029432715483390163,0.6187531352043152,0.7095792306936292,0.010466744273488659
test_214.jpg,109.95807088607594,27.718532489296678,0.4901907647020358,0.08025361930174613,0.6011812090873718,0.8359245987331845,0.03485386724365166
test_215.jpg,104.03962133333333,27.958815980163465,0.16976867892632433,0.21632447455349135,0.65056312084198,0.5483275661158308,0.009249944577403791
test_216.jpg,109.184208,27.74920532704499,0.18559478906072466,0.0872387458180714,0.6081783175468445,0.4892258748403023,0.021600250609053268
test_217.jpg,105.46095466666667,27.89988662480574,0.37820552376662653,-0.002111572459061777,0.5268632769584656,0.7602480984127998,0.015137848015074264
test_218.jpg,96.47557866666666,28.286629686906952,0.2939850543334696,0.41361558103019924,0.5474291443824768,0.866069354479615,0.017602738263701543
test_219.jpg,105.22571733333334,27.909584658125787,0.38335207356828427,-0.2746828786112275,0.5548919439315796,0.7011818706553012,0.01903551918266548
test_22.jpg,105.16159232613909,27.91223207423505,0.3468163440830496,0.12366558892783383,0.5332406163215637,0.776301972896305,0.027351798996890622
test_220.jpg,101.18069333333334,28.079827098138527,0.4424789819372705,-0.04287994581221439,0.5751305222511292,0.6565970878657137,0.015972398587405578
test_221.jpg,104.08728301886792,27.956826885341517,0.35250588144486844,0.2512513820857532,0.5487033724784851,0.8688431635647078,0.011584948645020271
test_222.jpg,107.72482282282282,27.807645723997645,0.4206603225918917,0.09580565334309055,0.5713606476783752,0.9124516106952646,0.01676835119336466
test_223.jpg,105.77942342342342,27.886791654066126,0.24078819512126393,-0.15127793959808136,0.5687723159790039,0.7599793837478201,0.01879412562886946
test_224.jpg,104.4547987987988,27.941519640004646,0.3444704898254342,0.10685311595274334,0.5723839998245239,0.6809197778906688,0.013222182203253203
test_225.jpg,107.6116012061958,27.812212673419808,0.3016252953898182,0.18302728168220214,0.5695171356201172,0.7897424457365527,0.012558122313296746
test_226.jpg,103.729232,27.97179198429764,0.29554321093094266,0.03961563800753865,0.678214967250824,0.7573078457410055,0.01796329973004256
test_227.jpg,104.67254200542006,27.932475895947434,0.2793638374270796,-0.030936904206605772,0.6220315098762512,0.7622351598971728,0.0182770107479971
test_228.jpg,106.11366483516484,27.873090468970236,0.22372682123165744,0.08796088142687297,0.5726068615913391,0.7117609449446297,0.011398152255919447
test_229.jpg,105.18441849148418,27.911289505592766,0.3502628325965139,0.3186300928616376,0.6048876047134399,0.7745280210955452,0.019427604845446107
test_23.jpg,105.115248,27.91414641586244,0.19083084423309313,-0.01604340127615888,0.6286889314651489,0.37181600132194204,0.02015063739427514
test_230.jpg,107.88381866666667,27.80124050483142,0.3489229708769043,0.3779185395896374,0.5258830785751343,0.7930895051209826,0.018458075636666287
test_231.jpg,97.98320901639345,28.21928702076542,0.2962747655708162,0.0356417078827388,0.6255435943603516,0.6693753092893299,0.006919634279867369
test_232.jpg,106.18608,27.87012772327894,0.34558278424878963,0.16599411526580138,0.6109343767166138,0.8373504200724818,0.01633911028725082
test_233.jpg,104.17058666666667,27.95335250845045,0.21522427846518905,0.1465863743492543,0.5858848094940186,0.6325240471948403,0.01686540718990135
test_234.jpg,105.32237333333333,27.90559723935996,0.2913781455769452,-0.3973920097443978,0.5654596090316772,0.7195041253285006,0.017905079587165758
test_235.jpg,104.49644266666667,27.939788546938846,0.33235291190158633,0.0525615039834166,0.6018272638320923,0.678480705156357,0.015644816598112506
test_236.jpg,106.587904,27.853724387675992,0.3261629534301128,0.24839550619573847,0.5813552737236023,0.8152792446570478,0.018887536649618484
test_237.jpg,107.60308010335918,27.812556578205587,0.2722074355528707,0.2357615517239236,0.6307001709938049,0.6136455146152575,0.01610637318289525
test_238.jpg,101.9688048048048,28.04613031981194,0.27283376963405176,0.10576054700737669,0.6080948710441589,0.7704437143576623,0.014201517736046476
test_239.jpg,106.45546133333333,27.859124145290764,0.37161499754634264,0.04057968569652129,0.6468166708946228,0.8162226197779174,0.015924271624704577
test_24.jpg,105.2186006006006,27.909878394519957,0.4423435049241066,0.021039504213952648,0.5401037335395813,0.8779881400095894,0.023640313708886584
test_240.jpg,105.8626975088968,27.883374047257647,0.39896729927371405,0.18646274763828458,0.5449348092079163,0.805934097962,0.014831670097565553
test_241.jpg,109.02277477477477,27.75563129662769,0.42946382151671514,0.17239747590802568,0.5807770490646362,0.8829630770809715,0.051464649190298084
test_242.jpg,95.20056456456456,28.34440836994486,0.5537615330295642,0.5437391240103938,0.5847408175468445,0.8786647070908025,0.0755251793942226
test_243.jpg,105.41318918918918,27.901854081153814,0.44704908548768507,-0.11861952456554385,0.6272570490837097,0.9008463241149351,0.034264629288081716
test_244.jpg,106.36105135951662,27.862977392657346,0.44847337508280183,0.12256197823978263,0.5840908885002136,0.8491664986626931,0.015181424333330803
test_245.jpg,105.54551466666666,27.89640578903121,0.25295198609359737,-0.09661968074799099,0.6309813261032104,0.7344884222535183,0.011770601345902838
test_246.jpg,107.17834163701067,27.829733279164955,0.23158920435500632,0.16678210629548437,0.5435962677001953,0.6958714741038419,0.01391661942496995
test_247.jpg,106.56527466666667,27.854646522142318,0.4085974548839038,0.020542962609864386,0.6401495337486267,0.8436988721288148,0.04239232613086458
test_248.jpg,105.08493866666667,27.91539885778619,0.4289145978905177,-0.10209539287607433,0.5886800289154053,0.7923005120202842,0.021030241997596406
test_249.jpg,106.65510933333333,27.850986956242135,0.2897238124916436,0.15059924729876492,0.5554652214050293,0.7800572698214507,0.016894598606428467
test_25.jpg,106.5501081081081,27.85526466172631,0.2014419145937915,0.37352477772881754,0.5900799632072449,0.7145026833399298,0.021986016216390625
test_250.jpg,106.673728,27.850228879245577,0.2868956727588155,0.13120299977761776,0.5808408260345459,0.8473609594696077,0.017146051326282215
test_251.jpg,107.208872,27.82849634268526,0.38923209011754906,0.09014542226338036,0.5422675013542175,0.836848233298618,0.015570754884280683
test_252.jpg,106.69109255079007,27.84952198402395,0.6113058692623113,-0.06293264652604884,0.5369649529457092,0.8744724107812076,0.052347647549357126
test_253.jpg,102.66593066666667,28.016540124821066,0.1989705465010962,-0.2232779572659146,0.6147525310516357,0.4942203606649578,0.012923590822185577
test_254.jpg,108.05485333333333,27.794360826745738,0.2707695177030036,0.22182042589009685,0.6881627440452576,0.7366678624079107,0.014962205093795464
test_255.jpg,103.10446846846847,27.99802873187254,0.319405511135499,0.11584254683076088,0.5946018695831299,0.6847764437672778,0.03111972041834698
test_256.jpg,103.00783902439025,28.00210084556023,0.3172591117814697,0.16655515474273178,0.6814649105072021,0.7984779127713174,0.02893834802899585
test_257.jpg,104.2512012012012,27.94999293173694,0.3648675082640961,-0.2462864643123829,0.5428193807601929,0.6734701406040653,0.024180267716665805
test_258.jpg,104.42436036036037,27.942785371444614,0.336204303236737,-0.021532532983802453,0.5668928623199463,0.7564646808620085,0.013615199896048341
test_259.jpg,109.31218618618618,27.74411780817516,0.31149112766008735,0.19312708094937142,0.5521450042724609,0.7055137000586873,0.0188669454319104
test_26.jpg,107.22078678678679,27.82801371111375,0.28568720672325004,0.17672344562239115,0.49878746271133423,0.7515370648991545,0.022607688898870302
test_260.jpg,108.28914159292036,27.784954497892063,0.2210623823378628,-0.02788678069062584,0.6400750875473022,0.7339604895098,0.01035602262271428
test_261.jpg,108.5537005988024,27.77435727713626,0.3693290534360374,0.11053492518499418,0.6656755208969116,0.7348577416382088,0.02299250514837012
test_262.jpg,106.04370133333333,27.875954829933068,0.4072963089774679,0.33875880317195584,0.6065757870674133,0.8077681928641867,0.03360582704527682
test_263.jpg,105.85753153153154,27.8835859831198,0.33975160660472475,0.015104961245792047,0.5990428924560547,0.6959289285110729,0.017726794019068765
test_264.jpg,110.34463636363637,27.703291330602088,0.34964663766780363,0.2417238114704707,0.5610184073448181,0.7869907562599022,0.02433494872408449
test_265.jpg,105.35528402366864,27.904240386288418,0.3291672658074484,-0.007450286496687163,0.6135263442993164,0.716678109951422,0.01653275823158496
test_266.jpg,102.58446246246247,28.019987737549606,0.30346993284143636,-0.07433561830550114,0.564763069152832,0.7507719781135868,0.02087156220731407
test_267.jpg,102.5060883280757,28.023306998784587,0.2769750907990296,0.15743068517243664,0.5566350221633911,0.7771734941983253,0.0113561338123234
test_268.jpg,101.71432835820896,28.05698225166495,0.3151409101265769,0.08165483820764065,0.5401031970977783,0.674523670185767,0.017849488122707233
test_269.jpg,104.4686586102719,27.940943425181622,0.28522091334685845,0.05579838697014947,0.6276718974113464,0.7263380422543837,0.010863606037278428
test_27.jpg,106.47042388059701,27.85851377781797,0.23786906618876455,0.3054000807085727,0.6192731261253357,0.5385005813191975,0.016453954481950556
test_270.jpg,108.81060989010989,27.764091163139124,0.41590035097790606,-0.10762275187467495,0.6222381591796875,0.83395776191494,0.01509029313544817
test_271.jpg,107.31489489489489,27.824203563136987,0.23483477063183103,-0.06984234450300525,0.7746055722236633,0.5767246104943661,0.007133107723090616
test_272.jpg,107.044578125,27.83515685968199,0.1964221207197385,0.1736103648388702,0.652859091758728,0.7637639274844902,0.01043448736067398
test_273.jpg,104.32068468468468,27.947099320793313,0.3076552436258615,-0.029493889129905002,0.5745302438735962,0.9067328261890314,0.016052221978543776
test_274.jpg,106.65886567164179,27.850834002644078,0.2336770329055981,0.021343357121553233,0.600192129611969,0.8393872842145893,0.018377039102083367
test_275.jpg,103.61596996996997,27.976536639980658,0.3008648311491292,-0.2375445421738349,0.5572989583015442,0.7253061095388481,0.020871871691957505
test_276.jpg,105.35658549222798,27.904186737614992,0.25467507977816983,0.47583048152151325,0.5603870153427124,0.7553982858974103,0.01620526519000957
test_277.jpg,104.24458547008547,27.950268541672678,0.45874632660179776,0.2912019239462787,0.5473268032073975,0.8245693979177882,0.018347071466985183
test_278.jpg,107.60464908722109,27.812493253246394,0.2911221507713033,0.30409486697601784,0.6042996644973755,0.8179612281570883,0.019046240494329826
test_279.jpg,109.20715733333333,27.748292583187055,0.34465891888459366,0.12424396232704277,0.5682503581047058,0.7634481244917736,0.018768220332358553
test_28.jpg,106.9487323943662,27.839047193880816,0.2098740583447322,0.1834458093143463,0.6795370578765869,0.562820123031106,0.01228496638065771
test_280.jpg,103.99232,27.960790937304726,0.2755335538152163,0.12102352507596416,0.6502247452735901,0.7505969567415931,0.013623856303424041
test_281.jpg,107.64198412698413,27.810986665043718,0.181546081295376,0.1897043150939621,0.6250149607658386,0.7634140661382502,0.012270945691352236
test_282.jpg,106.16114806378133,27.87114754373729,0.44146919544385005,0.1897842526890662,0.5590357184410095,0.8795815882375125,0.024985138561011134
test_283.jpg,107.81505066666666,27.804009695419737,0.30426052453708113,-0.10677666721475705,0.5085656046867371,0.7582424802478406,0.02595045894808795
test_284.jpg,104.67957493188011,27.932184104185396,0.39638926545623204,-0.20897921529775862,0.5645318031311035,0.7842875083780421,0.032947403910966386
test_285.jpg,108.41662841530055,27.779844635809454,0.411550442850898,0.17882320432932866,0.5462087392807007,0.9351803509392788,0.029831487541855155
test_286.jpg,104.12911538461539,27.95508181953567,0.3422920537324156,-0.11742698439027274,0.5477246046066284,0.8529170598744086,0.019484495431500708
test_287.jpg,106.0012,27.877695790896645,0.2294532887093311,-0.015248561603224001,0.6634839177131653,0.6003299987667864,0.015682025267066375
test_288.jpg,97.154064,28.256193888105535,0.2745355335332973,0.06833821992804624,0.5467984080314636,0.7399481334386961,0.01843979819825503
test_289.jpg,107.61405333333333,27.812113712607065,0.33947972532595483,0.25687562111545453,0.6008459329605103,0.6121205823991107,0.010079634091687181
test_29.jpg,106.737375,27.847638429046814,0.07001480650044917,-0.12336588772220469,0.7092321515083313,0.6149929207094907,0.013974590815935509
test_290.jpg,104.18692452830189,27.952671424948527,0.4478458207782248,-0.06984324303186637,0.5248047709465027,0.8516691115525031,0.021936491514262305
test_291.jpg,109.50607829181494,27.736421348850957,0.4144428035525219,-0.19047648787768665,0.5290210247039795,0.7725381935204502,0.025787820235055808
test_292.jpg,105.45187643020596,27.900260488072593,0.4240378460089326,-0.04705461792130972,0.6530187129974365,0.8485915824211837,0.012358293275199456
test_293.jpg,105.19405442176871,27.91089166723074,0.1259232515607703,-0.13444091533008531,0.655741810798645,0.766581878016356,0.007281532972940287
test_294.jpg,108.81111386138613,27.764071048240616,0.35428278938534136,-0.07919278437370329,0.5838496088981628,0.7886161137361728,0.01645118527878965
test_295.jpg,100.893995,28.092150421629306,0.3269358185924036,0.26436047186691247,0.5753882527351379,0.6606869170857618,0.024143011676115655
test_296.jpg,106.791645,27.845430845080905,0.2705289161058389,0.0063754437242926525,0.5773862600326538,0.7144918415036269,0.015677024223908157
test_297.jpg,102.01332,28.04423479058755,0.5816569379315916,-0.17116148976579051,0.5385632514953613,0.9402920691998072,0.008739200146897691
test_298.jpg,102.26795804195804,28.03340776279122,0.5049183269725803,0.29206971192020703,0.5367367267608643,0.8911344108632365,0.01971010988637154
test_299.jpg,105.94352087912088,27.88005958881842,0.27121581926280675,0.24018243452605942,0.6798128485679626,0.8145127151405072,0.017145277830679987
test_3.jpg,106.79615015015015,27.8452476359374,0.1800580187292307,-0.06128853411206502,0.5984978079795837,0.5068179410763198,0.013251263194865297
test_30.jpg,112.917216,27.60320198891634,0.2580548559557687,0.13941216217023758,0.5983877778053284,0.35278845152402627,0.020909936288986363
test_300.jpg,106.11355,27.873095168864968,0.27406413014300673,-0.12591877739674018,0.6343794465065002,0.62810748794227,0.017790175523546843
test_301.jpg,103.33598,27.98828798353214,0.30610410666648014,-0.010092145928525554,0.6066272258758545,0.7247008759079697,0.016590600074919432
test_302.jpg,107.77758940397351,27.805518951007606,0.25577247228495537,-0.056578585127451085,0.6279920339584351,0.6863264059797703,0.014036274658674814
test_303.jpg,103.11350121065375,27.997648273263998,0.35720728290047016,0.11255563414618198,0.5614005923271179,0.8811100213210947,0.015937874916983806
test_304.jpg,104.29624,27.948117089772033,0.3755983395555874,0.23457111534727443,0.541375458240509,0.7867081836444796,0.016754862705154343
test_305.jpg,107.15373200992556,27.830730593762798,0.24994540530571294,0.3091871329101852,0.5966612100601196,0.7094371441166608,0.015834508442477926
test_306.jpg,107.21378054862843,27.828297505896465,0.4562500010411144,-0.23666920296938646,0.5938969850540161,0.8370364124622486,0.020781437968985007
test_307.jpg,108.03809655172414,27.795034368182957,0.2956264699644221,0.16003545904414834,0.6661953926086426,0.7861609499135731,0.011309446322262273
test_308.jpg,106.71376,27.848599385682814,0.22114723850779777,0.09427675057281183,0.5962287187576294,0.8006524559991123,0.015487243998349698
test_309.jpg,106.43967307692307,27.859768288959845,0.27648049720972706,0.16650471676732576,0.6179353594779968,0.7455819397363243,0.021330454628721372
test_31.jpg,105.29628228228228,27.90667323137248,0.32351272944888027,-0.015497029536811015,0.5783498287200928,0.8074129847685932,0.024252852286703114
test_310.jpg,104.73306,27.92996568307997,0.2966758849617001,0.25012234477432566,0.5765936970710754,0.5709406306276922,0.016274249072392652
test_311.jpg,110.6403,27.69167016180178,0.39362238012560147,0.11302353376966459,0.553199291229248,0.5949618915900381,0.021139232091417066
test_312.jpg,106.48215313225057,27.858035366206654,0.3593211739310441,-0.07238803479607435,0.6712450385093689,0.6942593610390907,0.019785877106037977
test_313.jpg,110.079096,27.71375506508303,0.38619178408328303,0.14310308783904732,0.6566916704177856,0.8207805083562024,0.010386594544751656
test_314.jpg,107.955968,27.798337049542603,0.2149441119344581,-0.1443360216661597,0.6019962430000305,0.3528061951225291,0.017611211499969873
test_315.jpg,104.400092,27.94379479490223,0.15951604667665226,-0.09091476771061946,0.6626219749450684,0.5969174102480675,0.012882794102240953
test_316.jpg,108.95746,27.75823390389157,0.2988187738106518,0.4984338536747923,0.5341293811798096,0.6828973732274654,0.016463499376262892
test_317.jpg,100.78355458515284,28.096906892306414,0.26182431753897417,0.03251436775837774,0.6404204368591309,0.6669819136747442,0.016453274045921236
test_318.jpg,103.209656,27.9936003032727,0.36237542032266035,-0.20494844024927672,0.6169252991676331,0.7801204002981911,0.02061352100442875
test_319.jpg,109.04483829787235,27.754752480536634,0.3371157676113075,0.09970391800911756,0.6074180603027344,0.6385272238361698,0.014030381148591979
test_32.jpg,109.91901333333334,27.720075394949752,0.22737635321788519,0.2612090620344003,0.6450315117835999,0.44728101001332166,0.013350913333562985
test_320.jpg,103.17194,27.995187639661147,0.2230173479997767,-0.07517604237294045,0.6192277073860168,0.5449332949968957,0.016778328745503952
test_321.jpg,106.05053302961275,27.875675051653744,0.19441561053820056,0.11074611165745449,0.6474192142486572,0.4838512313390256,0.022747321456922962
test_322.jpg,101.223728,28.07798032834739,0.3794929577824809,-0.4212319195179888,0.5955941677093506,0.7294708804914797,0.013502181018946978
test_323.jpg,102.7342466367713,28.013651203270378,0.18494843960847485,-0.04798891564304159,0.6315149068832397,0.6265236228442511,0.013351169899020236
test_324.jpg,106.00778896882494,27.877425844530983,0.33500643703534955,0.03592582612479112,0.5832802057266235,0.8344740358725609,0.018556591661379403
test_325.jpg,107.36764,27.82206953685798,0.35356950524527875,0.0935236956503237,0.6221458911895752,0.6813659146242649,0.011374162331561966
test_326.jpg,103.662708,27.974578110615276,0.33055372049897297,0.11078501035519288,0.6171524524688721,0.8242135837467045,0.015830179835555867
test_327.jpg,103.701896,27.972936641239006,0.25300668191228576,0.2821779253154692,0.6396536827087402,0.691331127218764,0.012363464955259034
test_328.jpg,108.05375421686747,27.794405002701662,0.20685756142377693,-0.16505556325707654,0.6525322198867798,0.4082484746041176,0.011462443478595258
test_329.jpg,108.078844,27.793396699974036,0.1620283068525115,0.10195282884996063,0.608928918838501,0.6388732044515192,0.011602633073522769
test_33.jpg,105.31304790419162,27.90598178839701,0.31726579713929115,-0.02080378695764941,0.5723972916603088,0.8774166247885508,0.015257992987613931
test_330.jpg,108.103515,27.792405455428543,0.2779377541708108,0.0984473277943427,0.571453869342804,0.7298386716330447,0.026322984741686133
test_331.jpg,108.075888,27.793515482891877,0.34140217184010885,0.28546224358205285,0.5327112078666687,0.7175307749416568,0.022635033007870255
test_332.jpg,101.475964,28.06717175154104,0.2350106597822842,-0.16594566972434485,0.6092484593391418,0.6326368172884366,0.011330968675904175
test_333.jpg,104.3005,27.947939704977507,0.382624265583748,0.39036997255559647,0.5521795749664307,0.8164774235812069,0.030594757673288633
test_334.jpg,107.742228,27.806944087957035,0.26307527686324217,0.37737261525209514,0.6457052826881409,0.6231465589070243,0.013740329042464776
test_335.jpg,100.813324,28.09562426404527,0.35054904953108523,0.22285046395937455,0.59011310338974,0.7423557971922746,0.014340254060097304
test_336.jpg,96.625396,28.279890740681793,0.37158414508046184,0.24961969357867864,0.6302101016044617,0.5741163608054138,0.013257407744686967
test_337.jpg,103.036736,28.000882682244665,0.25300377265521684,0.317464702813004,0.6002585887908936,0.43448791809164283,0.027255983516312702
test_338.jpg,108.125732,27.791513002564532,0.28984592765956807,0.47188701017327517,0.5649690628051758,0.6358797636383768,0.01703228261767278
test_339.jpg,104.229244,27.950907731333206,0.28412010191192005,0.2490903220758082,0.5834437608718872,0.8619378864578665,0.013900844936087776
test_34.jpg,106.59917333333334,27.853265240775798,0.3881069080320834,-0.08851809440513292,0.5933555364608765,0.8375434298606128,0.010968837463644153
test_340.jpg,107.93468,27.7991935258232,0.24789953110519977,0.17224394525422382,0.6525412797927856,0.5617061598488802,0.00995606420491475
test_341.jpg,109.36342,27.742082778898563,0.296314764991479,0.2617895707231292,0.6295088529586792,0.6138832034487847,0.019544435425304204
test_342.jpg,107.55409237875288,27.814534211449203,0.39471950475969275,-0.03899106401734656,0.6478900909423828,0.7868818093230506,0.010825163778855566
test_343.jpg,105.589308,27.894604172126584,0.2608008605800628,0.39909680514019163,0.6247609257698059,0.6772966260929038,0.01801104416121608
test_344.jpg,107.048784,27.83498622493777,0.2762384817693126,-0.018983846298621685,0.6148651838302612,0.7647790453252525,0.010644989600543787
test_345.jpg,104.232252,27.950782398086854,0.13479992789186843,-0.05301666916815767,0.6735324263572693,0.6230407550723842,0.006321416549365988
test_346.jpg,110.592196,27.693558790503662,0.180216353259691,0.37835677739276474,0.6107586622238159,0.5851424751599739,0.014402541145578204
test_347.jpg,105.789876,27.886362527879584,0.18455852365326061,0.21648083462069936,0.607280969619751,0.590373075316138,0.010036596504269411
test_348.jpg,109.58052466367712,27.73346985393473,0.4880229315753258,0.48755713377336096,0.5985443592071533,0.8281920163457093,0.015808399855483202
test_349.jpg,106.783132,27.84577706095699,0.20728469840171304,0.08662997100320742,0.623432993888855,0.6716151214764624,0.010608712486948188
test_35.jpg,101.95874666666667,28.046558726259583,0.33776180222604507,0.23137345982572527,0.5826032757759094,0.5347992198969096,0.015794123159699983
test_350.jpg,102.805976,28.010620004071928,0.3101285311567209,0.027233844050676945,0.5852207541465759,0.6616477997194479,0.025759621388577916
test_351.jpg,104.2067562642369,27.95184483428835,0.24986838844281412,0.049015120645942885,0.5959523320198059,0.6727908935853689,0.014683373072389191
test_352.jpg,107.486605,27.81726015100483,0.24945800273215368,0.017520866818232755,0.5953283309936523,0.792867648872726,0.010975554264874109
test_353.jpg,106.531935,27.85600545437823,0.3124958941628381,0.09395375582019523,0.5873243808746338,0.8143878745112628,0.011726659235315193
test_354.jpg,106.04135643564356,27.876050864621984,0.31760071226216774,0.01793655859131803,0.6579302549362183,0.7887340446902931,0.013434096357253388
test_355.jpg,100.66892990654206,28.101849087078385,0.2710360248377018,0.3080087385044578,0.5943860411643982,0.8825699054788673,0.008192403389532945
test_356.jpg,104.40453883495145,27.943609814724933,0.2601170799719612,0.0746316115504397,0.6135964393615723,0.6179099583291456,0.011604929521857446
test_357.jpg,103.334032,27.988369853721494,0.5042593553717988,0.10761673814509996,0.5861749053001404,0.6720276517238762,0.02568208555918367
test_358.jpg,106.17631067961165,27.87052730080545,0.23717069091121892,0.10824537711655026,0.6140819787979126,0.7040166931858503,0.01211903095423044
test_359.jpg,105.13752517985611,27.913226108731767,0.4124644868597488,-0.024745268801816985,0.5632402300834656,0.8789613131093618,0.016665550525550386
test_36.jpg,104.1792108433735,27.952992975357386,0.49957592515801885,0.07582469551026605,0.5072690844535828,0.920650715994877,0.021160121612778086
test_360.jpg,108.640064,27.770903480879767,0.2755937760337426,0.25453206380978227,0.5963649749755859,0.43125982632329946,0.02111876957791037
test_361.jpg,109.52324652777777,27.735740520367,0.4770481006908407,-0.021432267079160593,0.605495810508728,0.7619124615603612,0.03699452375085044
test_362.jpg,105.6953515625,27.890244732307572,0.4055576228610154,0.16091669854220716,0.5836822986602783,0.8258628336907221,0.027689948584349717
test_363.jpg,108.279256,27.785350978496467,0.3381935653851933,0.38258457061698103,0.6084616184234619,0.7165394674113486,0.015512299955738332
test_364.jpg,106.463128,27.85881138809659,0.4089899046421635,0.38366671575018507,0.5847979784011841,0.8097537185104345,0.013385357912526251
test_365.jpg,107.40303241895262,27.8206381745385,0.1900874925706539,0.02789126302159624,0.6242517232894897,0.5616499914767056,0.01536705164807159
test_366.jpg,109.94394,27.719090643888435,0.553894456835105,-0.2806078610233863,0.5908816456794739,0.78054926449921,0.011344233311396227
test_367.jpg,108.826508,27.76345667013745,0.4638962417069672,-0.08973100236063918,0.5636431574821472,0.8157232813391035,0.010516515043073818
test_368.jpg,105.7606423690205,27.887562809003835,0.22265248857007786,0.33353301296413773,0.6210677623748779,0.7629016311065688,0.01319799368391057
test_369.jpg,105.9692796780684,27.87900378621763,0.15317759912922557,-0.07619688267509855,0.649448037147522,0.47809553099714625,0.010861679300567528
test_37.jpg,108.48388588588588,27.77715127665608,0.2654466197158775,0.06887534596213753,0.6199083924293518,0.6389625049294577,0.014686167973624322
test_370.jpg,106.50853273137697,27.85695959011367,0.3480417209378657,0.4450073772436935,0.5654245018959045,0.7794011284581481,0.019304947496704736
test_371.jpg,104.63404,27.93407366784018,0.2463408590468825,0.14106926624762534,0.5872170925140381,0.7136731994476394,0.009393334007164638
test_372.jpg,107.485284,27.817313525705426,0.1713026348077798,0.4429218182454541,0.5815534591674805,0.46664733648258944,0.016217026751429182
test_373.jpg,104.11290666666666,27.955757894105897,0.2155100483334759,0.19443810387000723,0.6259980201721191,0.8063709561170337,0.014794662436003008
test_374.jpg,108.818144,27.76379046552503,0.1771060220446468,-0.05733270400409702,0.6266649961471558,0.5744461119719411,0.010856689874798776
test_375.jpg,107.61746133333334,27.81197617925404,0.2948752174388818,0.045980904627570575,0.5630548000335693,0.6669907578102927,0.019313027037529584
test_376.jpg,106.00246,27.877644168104176,0.2650661084861725,0.31180259109132985,0.5909372568130493,0.6143208251067374,0.02083170143841513
test_377.jpg,104.921864,27.9221436337846,0.30334109545293453,0.060174925867866456,0.6492215991020203,0.6438261580031713,0.013465942761572746
test_378.jpg,105.214432,27.910050458783438,0.3440058290534821,0.4585571827113683,0.5476331114768982,0.6305131705947743,0.02477753926190419
test_379.jpg,101.40816790123456,28.07007424296887,0.39733388486822285,0.16778555920518903,0.5358993411064148,0.721895519913932,0.01882404668028729
test_38.jpg,97.88365269461077,28.223701934501673,0.23539085363541393,-0.21838741157559552,0.6537089347839355,0.5861698149491416,0.012673207525205319
test_380.jpg,102.047184,28.042793360405625,0.47167051490554457,0.6862363582797715,0.5510548949241638,0.7381351203879655,0.022354680988230364
test_381.jpg,104.43410599078341,27.942380075591174,0.4159475970717106,0.051284412809171835,0.6287218928337097,0.6787164696070992,0.014946101251808943
test_382.jpg,105.535804,27.896805378059604,0.13143776778255692,0.25245624936288624,0.6428356170654297,0.7162694493863904,0.009682845681318525
test_383.jpg,104.140964,27.954587673828286,0.2521701075493353,0.1216534900681974,0.6090980768203735,0.6408703095997514,0.013603747794975609
test_384.jpg,104.400892,27.94376151578842,0.2613822461429524,0.15975111325381008,0.5969882011413574,0.6958477639326257,0.022258521943026067
test_385.jpg,102.684528,28.015753496992787,0.24992349489396756,-0.07926762607041006,0.616037130355835,0.6644615531325974,0.015606776656498006
test_386.jpg,106.599132,27.853266924732765,0.33873795583936833,-0.0028888641587635376,0.680647611618042,0.7452117079503336,0.01843720578479408
test_387.jpg,106.07517,27.874666244122615,0.30929820141605474,0.25906872221754557,0.5731514096260071,0.7429028982459388,0.017933118246840133
test_388.jpg,106.36652,27.86275410233623,0.24855193664169478,-0.11416657814319972,0.6563478708267212,0.5651329846166029,0.016087681500290017
test_389.jpg,103.378544,27.98649949666327,0.16599294345198468,-0.20553568700731087,0.6937189698219299,0.6139251496591837,0.009993659193648164
test_39.jpg,102.29831764705882,28.032118693122193,0.3780463179164786,-0.13834063412424027,0.561564028263092,0.8104082554794868,0.020538551634442206
test_390.jpg,107.55580041580042,27.814465242881088,0.21599153731684145,0.1025835578948652,0.6497884392738342,0.8384805496113356,0.006640852874615787
test_391.jpg,106.09815725806452,27.873725198469085,0.40282030397911506,0.30124778419006815,0.6021521687507629,0.7697857127250174,0.02168405409223242
test_392.jpg,108.643264,27.77077556104763,0.22444548020356253,0.05696263739739967,0.6775109767913818,0.6501127596441623,0.01213493136868331
test_393.jpg,108.66766,27.769800456066246,0.4162864197289636,0.16457474958306736,0.5953868627548218,0.7519586295415573,0.013151345997525998
test_394.jpg,107.01376,27.836407373148532,0.3712021674919438,-0.12291003712245219,0.6011913418769836,0.7439410639793808,0.028964084979719015
test_395.jpg,104.858932,27.92474930805757,0.17895911333666287,-0.30086977848743945,0.6380772590637207,0.7121650544895433,0.009732594669555483
test_396.jpg,104.65421296296296,27.933236448703266,0.14556187069905968,0.00192556009745327,0.5610435605049133,0.6897435370339954,0.010638702532259627
test_397.jpg,101.999976,28.044802912929416,0.2442138959668467,0.07619057971080495,0.5970656275749207,0.46711277827332703,0.012368374651345685
test_398.jpg,104.292916,27.948255504911693,0.35841395227565725,0.16655650642146094,0.5645478963851929,0.7912965094735975,0.022170990511273417
test_399.jpg,105.80557664233577,27.885718024204657,0.22442189858159012,0.3107591397111403,0.6379236578941345,0.5885038609030253,0.01233043304697478
test_4.jpg,108.95461333333333,27.75834737090662,0.2590182251398072,-0.2280219248344886,0.6144477128982544,0.6283608809284503,0.011666258060442497
test_40.jpg,102.89568168168168,28.006832121615513,0.3261284065559377,-0.051568723773586206,0.5075128078460693,0.7536670251380508,0.03103017323709071
test_400.jpg,106.96173866666666,27.838519070851667,0.4027795556073338,0.27928231352737937,0.5604417324066162,0.873946202829978,0.019131514154666216
test_401.jpg,104.043632,27.958648565402843,0.33479949554920735,-0.010238573526992626,0.5622054934501648,0.8062284939493215,0.01671497602663106
test_402.jpg,106.611952,27.85274465776988,0.32993819043126754,0.4150517449784685,0.5544958114624023,0.6245703748973117,0.025305545372840684
test_403.jpg,106.75885866666667,27.846764386656872,0.20230996881195143,0.4706543139462246,0.5675984025001526,0.7429508845817395,0.019120564258832858
test_404.jpg,105.01587733333334,27.9182539592209,0.3403848530177386,0.06831638124180421,0.5772300362586975,0.8842566910836767,0.016227101226494973
test_405.jpg,104.63191443850268,27.934161892380263,0.20790064236920192,0.03917220913611188,0.575424075126648,0.6884830797581676,0.018067909944593768
test_406.jpg,107.77125333333333,27.805774273233585,0.4358108528162256,-0.043820106847944955,0.6384717226028442,0.6490871737036705,0.045443714383223616
test_407.jpg,103.3441752265861,27.987943572944467,0.20959603098062032,0.46682718689441227,0.6461390852928162,0.6292700305677172,0.016603059452795558
test_408.jpg,103.371328,27.986802652254358,0.29841809272360614,0.26524913319841187,0.5762767195701599,0.6231547920944377,0.020479423452710196
test_409.jpg,108.74503303303304,27.766709313387853,0.3479451012173871,0.18882821854838966,0.5987162590026855,0.7652609075870519,0.015784141240267974
test_41.jpg,104.80669069069069,27.926913526734797,0.2833036415666921,0.14798807162224625,0.5523943305015564,0.586793680034337,0.026095495101252107
test_410.jpg,105.08279279279279,27.9154875432543,0.2478770119997224,0.0991685716369499,0.5960579514503479,0.6711465556822296,0.017573712026117953
test_411.jpg,100.56645866666666,28.10627203655995,0.4534268028292956,-0.17155742025125567,0.570848286151886,0.802348419148545,0.020452756677653897
test_412.jpg,110.53553012048192,27.695784624392278,0.4016330610331748,-0.0008325137818817554,0.5569160580635071,0.7119260108709813,0.013145568115785112
test_413.jpg,105.07850666666667,27.915664687279424,0.2954843632584569,0.10411353939533137,0.6129222512245178,0.6222105393515639,0.02535302631358214
test_414.jpg,108.6995915915916,27.768524485189786,0.25592170309582174,0.12457331312037663,0.5456280708312988,0.8918929082406327,0.01637863361862614
test_415.jpg,106.12828266666666,27.872492241933276,0.2646471844077763,-0.03569163211452593,0.6239268779754639,0.6591726039645999,0.012494786796277356
test_416.jpg,109.21658133333334,27.74791782619178,0.3388057436668798,0.20482590984159793,0.6301526427268982,0.5475050401422954,0.02117203633100974
test_417.jpg,104.486496,27.940201956997818,0.32867762083292784,-0.027684332188807552,0.6296051740646362,0.5604448657851917,0.015015543797079443
test_418.jpg,109.98987311178247,27.7172765983816,0.4097764970556373,0.20936153929673326,0.5570980310440063,0.9103188888017912,0.014017593248496534
test_419.jpg,106.48913066666667,27.85775079218886,0.23338782211130488,0.043566897801091874,0.5648412108421326,0.5511546381782748,0.017054450533492173
test_42.jpg,108.71461866666667,27.767924140273337,0.40285060565111125,0.041660287270514615,0.5947984457015991,0.8408527689569041,0.02390547977391673
test_420.jpg,108.36308108108108,27.781990160618868,0.2983648029794274,0.09954958271799863,0.6021556854248047,0.8103966589035391,0.009999907538888981
test_421.jpg,111.77469333333333,27.647368738628337,0.27357252758793654,-0.05594850559824928,0.5892198085784912,0.6584908497074969,0.017337175439074006
test_422.jpg,103.9777117117117,27.961401053959698,0.23314512073736113,0.2683487747596832,0.6127476692199707,0.4746421154368132,0.026366283050743657
test_423.jpg,105.00322522522522,27.918777220264825,0.32347600862273235,-0.1958071521303922,0.577675461769104,0.7838657767556415,0.015698238808467657
test_424.jpg,106.54058133333334,27.85565298706597,0.18020646672964366,0.13157999157080066,0.6150667667388916,0.4035387231382774,0.012855425576633701
test_425.jpg,104.63044266666667,27.934222981473958,0.19695308264988967,0.05573640201565324,0.5944439768791199,0.4744194837360688,0.015528971831532753
test_426.jpg,105.060848,27.916394589731187,0.3948485028140824,0.12053665669529297,0.5876064896583557,0.656035222315653,0.0223982528939117
test_427.jpg,108.833296,27.763185789534795,0.3507369976082345,0.12722058748551526,0.5942844748497009,0.8037276727389142,0.013586522033520218
test_428.jpg,104.64531016042781,27.93360591328294,0.29091788608075164,0.10131347314176557,0.6038663387298584,0.62611476309696,0.018917402446001895
test_429.jpg,113.73409009009009,27.57189703401083,0.5236756735491467,0.1638389357766087,0.5643682479858398,0.7174264597210271,0.0631024668819129
test_43.jpg,103.59941141141141,27.97723072847714,0.2179522519464167,0.2937212365396605,0.6282673478126526,0.7946858184516373,0.011033004306075967
test_430.jpg,102.97935466666667,28.00330194930237,0.3032206599512528,-0.09209679876382167,0.5763124227523804,0.8381271901133115,0.02067084485537186
test_431.jpg,106.99252252252252,27.837269340301983,0.26149514915798217,-0.07532754583526176,0.5706599950790405,0.5656490043687594,0.01737314145442152
test_432.jpg,110.18991591591592,27.70938509205692,0.35306400844551916,0.24476464427748398,0.5723770260810852,0.7969217647410286,0.01645620811872894
test_433.jpg,105.94340266666667,27.88006443470657,0.27169475622938216,-0.0343005423342936,0.6106581687927246,0.7163481917829467,0.02187898730710739
test_434.jpg,106.40221298701299,27.861297002204065,0.16080023336501675,0.080148670928593,0.617451548576355,0.5640784028282639,0.013737524313504867
test_435.jpg,104.23855855855855,27.950519636736693,0.34964207125778407,0.12801710623564877,0.5728033185005188,0.7328790431280596,0.01728375762922009
test_436.jpg,104.91037866666667,27.922619062806483,0.2815223394580913,-0.09819456522443298,0.6029810309410095,0.7402697917515821,0.012651852535774492
test_437.jpg,103.511808,27.980904665654368,0.26665777390536993,-0.1559097772503209,0.5757268667221069,0.605879510618422,0.01748914641597189
test_438.jpg,105.857824,27.883573984231795,0.3913513234348599,0.4103640888842518,0.6138901710510254,0.7710176396574091,0.034681800484343314
test_439.jpg,104.42230722891566,27.942870760756055,0.32446179501179817,0.13420297694140082,0.5621975660324097,0.7351671264553801,0.02329124402226308
test_44.jpg,100.56251733333333,28.106442245681702,0.16719028096045516,-0.09506948914323456,0.582004725933075,0.42174249558008703,0.01615923637929238
test_440.jpg,98.07026133333333,28.215430282774395,0.2967011530518078,0.31599116035306163,0.6156579852104187,0.4658438978259892,0.023020501278773503
test_441.jpg,101.89515733333333,28.049268166395724,0.4115614570692435,0.2888277720450202,0.5534920692443848,0.6209710317955173,0.014351225188431129
test_442.jpg,105.773792,27.887022867391224,0.3280833288666662,-0.05320611553926345,0.567811906337738,0.6876238059722006,0.01935217326753396
test_443.jpg,106.78983734939759,27.84550435825941,0.29612154848826466,0.099638506673842,0.5993587970733643,0.8071052574520601,0.01134121834699559
test_444.jpg,100.172515,28.123317832612877,0.28903452086800163,0.018086568589494853,0.6497125625610352,0.6550330535801598,0.010898088914282166
test_445.jpg,108.91601208459214,27.759886294243913,0.23203214143480289,0.15786440590073172,0.6022330522537231,0.5530768931593294,0.019468196490494697
test_446.jpg,103.24160283687944,27.992256224756552,0.22645190310682087,0.21016582999242672,0.6349251866340637,0.5270545226445671,0.013380408674184757
test_447.jpg,101.7431,28.055753948972907,0.35600400394330906,0.1033006795843735,0.6301829814910889,0.6305941193897818,0.015695915086892616
test_448.jpg,104.563112,27.937018606611886,0.29642982553649017,-0.06291257839060796,0.6177120208740234,0.5067317163016362,0.02241963496876435
test_449.jpg,103.72261304347826,27.972069116206853,0.20041815910608612,0.07324801184901879,0.6662302613258362,0.4973032437918367,0.009311034618210286
test_45.jpg,105.32105338078291,27.905651667653117,0.36934020473002055,-0.04682459092211372,0.6065659523010254,0.8138722401331118,0.020172035132483564
test_450.jpg,108.484664,27.777120126457934,0.3159114790087691,0.18591166795881875,0.6539551019668579,0.7322726062166611,0.010816565490873929
test_451.jpg,103.12778873239436,27.997046551672398,0.3028490354156468,0.3023066930120115,0.5828350782394409,0.6742626427356397,0.016411382278002516
test_452.jpg,104.259648,27.949641065335346,0.2658404450728505,-0.044067935258626206,0.5742827653884888,0.5988969099747604,0.02557193382993809
test_453.jpg,108.922704,27.759619467300737,0.3159181582395452,0.27546255063481556,0.6195239424705505,0.7765710910419048,0.016414711750047023
test_454.jpg,105.67079540229885,27.89125384422764,0.2815349538032759,-0.2340423290256679,0.6168547868728638,0.7109749512451505,0.011905943624400173
test_455.jpg,107.11051851851852,27.83248239146774,0.3159124452928237,0.05644323063708104,0.5628236532211304,0.6386068064650144,0.014501394352072984
test_456.jpg,108.66924631578948,27.76973705880845,0.3750663564102791,0.05941446033246065,0.571891725063324,0.7540180662949845,0.006652735075033545
test_457.jpg,107.64501960784314,27.810864196658333,0.2727305948400351,-0.10210186977292711,0.6319785714149475,0.5273587826369572,0.0123478213664302
test_458.jpg,105.856464,27.883629780229406,0.3522316688109263,-0.07458803646414497,0.5933171510696411,0.7157684676819502,0.005651509449765065
test_459.jpg,103.509876,27.98098572546635,0.20247121076088148,0.011264580946200014,0.6299987435340881,0.4548468564431736,0.007306884591823584
test_46.jpg,103.56287466666667,27.97876263924085,0.24035098311838093,0.1588453555558167,0.5525507926940918,0.553688388717444,0.018547365121181277
test_460.jpg,106.243705,27.867771535785405,0.3010196738199821,0.11510381739038404,0.5801032781600952,0.7933230768665662,0.020897277512540467
test_461.jpg,101.83751079136691,28.051725855285326,0.14801111044564885,0.30222504535316663,0.6093741655349731,0.699364445726571,0.010968984092174736
test_462.jpg,105.3835564516129,27.903075099482038,0.3234463377661385,-0.19353028312165405,0.6523001194000244,0.7699035381274203,0.01804251917626551
test_47.jpg,108.46112630208333,27.77806250863993,0.2451663422769957,-0.05377445695619232,0.6242386102676392,0.7747574082800194,0.011923675406045801
test_48.jpg,111.10228313253012,27.673573771595258,0.48744718961120836,0.20051904716026242,0.5500000715255737,0.9068556063289258,0.01838590209322253
test_49.jpg,104.56642042042041,27.936881196202567,0.29350075288769545,0.3023937981232282,0.5662312507629395,0.792439406201558,0.02035925325952931
test_5.jpg,105.58506306306306,27.89477877216718,0.2829548193208698,-0.07965729533083053,0.5882806181907654,0.6518802649653431,0.022487465391001615
test_50.jpg,110.35866666666666,27.702739160959858,0.3230084590675602,0.3227797403567805,0.5709395408630371,0.766242986866692,0.016118700340013302
test_51.jpg,107.57620958083832,27.81364122903183,0.25440981052530853,0.04819573255789409,0.5331374406814575,0.7154210101761495,0.021258299698415684
test_52.jpg,105.79985542168674,27.885952866432856,0.3590969834019065,-0.07714204046460785,0.5627408027648926,0.6755780521682931,0.0220660863250103
test_53.jpg,104.24557357357358,27.950227376382728,0.49079187919861705,0.09239841842105981,0.4695231318473816,0.9416931038266001,0.013974848915891585
test_54.jpg,102.72732132132133,28.013943971043584,0.2884310350235518,-0.21319365293102355,0.5565943121910095,0.6647870198824359,0.014973292757665034
test_55.jpg,105.15839466666667,27.9123641326175,0.21625134138789662,-0.21446988324758356,0.5960849523544312,0.4767600307747615,0.01693422466039477
test_56.jpg,106.68824024024023,27.84963809111983,0.36367223791122133,-0.1391782481328328,0.5460312962532043,0.8334082639033075,0.019771818763886388
test_57.jpg,105.92725333333334,27.880726495843213,0.40223452890419875,0.2171685861613273,0.5088810324668884,0.9082380733009898,0.011219151135966955
test_58.jpg,112.774304,27.60870205389824,0.37882730725017144,0.011041240272619064,0.5027527213096619,0.7674636514791586,0.01809303591690377
test_59.jpg,101.14266666666667,28.081459610735486,0.3536933425847312,0.06430586729698504,0.5754696130752563,0.6151074396819843,0.013479015087794588
test_6.jpg,103.82912912912913,27.967611495007525,0.25631969621857165,-0.08979016754845728,0.6576064825057983,0.7524837769037882,0.012196713307051988
test_60.jpg,105.85392717086835,27.883733859286405,0.24713067435562316,0.19588623488050622,0.5625615119934082,0.7672737062902825,0.02254574374218236
test_61.jpg,107.37620903954802,27.821722939122164,0.1734037409318524,0.09239111973246449,0.6739265322685242,0.6660545362895889,0.009828875807801346
test_62.jpg,107.94969369369369,27.798589465026847,0.16776529412360944,0.18321756230164932,0.6397074460983276,0.6060436751159591,0.010928470437738834
test_63.jpg,101.78918318318318,28.0537873152582,0.30832352223110093,0.13346819697271464,0.570948600769043,0.7139131140571295,0.02026547958663493
test_64.jpg,109.13287788778878,27.751247529542237,0.3416102344339489,-0.06292609563967132,0.6371713876724243,0.7515198290435886,0.010123534966425946
test_65.jpg,104.68788622754491,27.931839298949033,0.14350039231836692,-0.09428036779427504,0.561809241771698,0.8060278715739438,0.012264516882886567
test_66.jpg,111.26430722891567,27.667244926660963,0.2636093592334471,0.22958047528574624,0.6378412842750549,0.6939499880335962,0.009858505177721315
test_67.jpg,104.91068347338935,27.922606444828443,0.38887836998269854,0.3470039586600238,0.5415119528770447,0.9047483113962936,0.021711949799665488
test_68.jpg,105.64704672897196,27.892229996332713,0.08490200240418448,-0.13858517373653767,0.6848887801170349,0.6890438703957587,0.007364558635800918
test_69.jpg,105.13639466666666,27.913272807403693,0.3259196080002955,0.09358154258208694,0.5216281414031982,0.8475373353961584,0.033377066772476725
test_7.jpg,105.10306906906906,27.914649630099756,0.23946219096451998,0.1757234427311251,0.700567901134491,0.7838176573557704,0.007025201453911674
test_70.jpg,108.63621866666666,27.771057202862433,0.25649597898370996,0.11045513744636025,0.5189663767814636,0.8168987640749446,0.0208276435409924
test_71.jpg,103.00210133333333,28.00234276083492,0.3112200766065049,0.1456748989591187,0.61491459608078,0.7934313083940204,0.008614525802886854
test_72.jpg,103.62770666666667,27.976044737626935,0.29224596638837125,0.02488434700655906,0.5939599275588989,0.735966923033766,0.013943779672419127
test_73.jpg,109.87381333333333,27.72186163257693,0.3734690404150833,0.13529817358175694,0.6515803337097168,0.6890569001869998,0.01006725821063162
test_74.jpg,106.3050752688172,27.865263615504034,0.3620310569311397,-0.24321069105307097,0.6375170350074768,0.8217534770922312,0.01311815973030618
test_75.jpg,106.986736,27.83750422800268,0.23661421451123263,0.08675789330278393,0.6368266344070435,0.7667028659349404,0.017064953794351388
test_76.jpg,106.61847448979591,27.85247896573201,0.281240720090431,0.09105828803407758,0.6238579750061035,0.7811979026685336,0.015040383817104245
test_77.jpg,103.37232,27.98676097550828,0.1542923684841063,-0.09487133820596234,0.5501160621643066,0.4301849505612552,0.015052155284800063
test_78.jpg,104.80760533333333,27.926875626242307,0.24192780473022987,-0.032941316041375276,0.5679072141647339,0.5995597161740379,0.020403165539561733
test_79.jpg,109.99796266666667,27.716957194443978,0.27314595364847716,0.39081881785285144,0.5873836278915405,0.7827201357468754,0.01360704477533679
test_8.jpg,109.01293693693694,27.7560232066186,0.4531002924477493,-0.17246741264161092,0.5214486718177795,0.8012697044198674,0.031834966100227756
test_80.jpg,104.81146133333333,27.92671584692938,0.26224115328007186,0.020297663026114264,0.6270113587379456,0.5223520327710873,0.020740168963867357
test_81.jpg,105.51834666666667,27.897523830980692,0.3177847376522336,0.03420303295983355,0.5917331576347351,0.7328404817200198,0.01284319605474544
test_82.jpg,100.563664,28.106392725425057,0.45379919371747535,-0.11927298841917854,0.5602244734764099,0.86865208517951,0.016409713643049457
test_83.jpg,102.686864,28.01565469920991,0.2725245725090005,0.06247438546524782,0.6512669324874878,0.8098409058408804,0.018762661664276384
test_84.jpg,108.76097280966768,27.766072773994765,0.37319905427133115,0.2385977630695121,0.5155389904975891,0.737485798522568,0.021324477971049177
test_85.jpg,103.29258571428572,27.990112116516247,0.3448830793683019,0.039826562503060575,0.5547916293144226,0.9139255257134205,0.0210115730070254
test_86.jpg,108.81865707434052,27.763769988716533,0.2895286838115954,-0.08084518721151401,0.6244122982025146,0.8490275146870069,0.013489691837687594
test_87.jpg,105.42985066666667,27.901167694944547,0.35288238840375397,0.06563222048263787,0.5783839821815491,0.8283435466658071,0.016097401731827048
test_88.jpg,105.72346816479401,27.889089595284872,0.31038619274165563,0.07977406474598725,0.5541893243789673,0.825940323045951,0.01962939760527595
test_89.jpg,105.84682730923694,27.884025160159425,0.3183906311479385,-0.1822015558954421,0.5873750448226929,0.7950619188224692,0.012309780808311644
test_9.jpg,105.5433033033033,27.896496782283762,0.13534447157594046,-0.19997245437734634,0.6086458563804626,0.6649094984726462,0.010293592405036196
test_90.jpg,107.80981381381382,27.804220648484215,0.31746870385173415,0.20894718005548302,0.6390405297279358,0.7415464668845909,0.018016367542163802
test_91.jpg,106.019136,27.87696100233882,0.3066245169655061,0.03413809863116474,0.6195124387741089,0.556858358463275,0.020002938691601666
test_92.jpg,104.37782582582582,27.94472114541998,0.30319102222320926,0.10421090795869328,0.571047842502594,0.6436036492515363,0.033011323821369384
test_93.jpg,112.43730930930931,27.621699167295674,0.45845530339190793,-0.09079336420559175,0.4889075756072998,0.8759364121968274,0.019116270717544962
test_94.jpg,105.297696,27.906614922981255,0.23267287422393007,-0.2232249307898661,0.6940059661865234,0.4480159327212563,0.02596565833032107
test_95.jpg,108.60055516014235,27.77248315519593,0.39896123305379133,0.26299126479014384,0.5411267876625061,0.7531088893655571,0.021469838623973638
test_96.jpg,106.09809964412811,27.873727556796702,0.4385160464024626,0.142389498038799,0.609902024269104,0.766891018749624,0.01531940301647828
test_97.jpg,107.77271471471471,27.805715383172718,0.26926728558745117,0.04232725791698462,0.5941551923751831,0.7775163683138502,0.01438757571165291
test_98.jpg,101.92875075075075,28.04783659381114,0.2378725649627378,-0.06298450147007528,0.4897502064704895,0.7961786498096083,0.014224158328865534
test_99.jpg,109.595808,27.732864180086626,0.2760082939933008,-0.05113202636732479,0.6456246972084045,0.5206977842382207,0.015425473603271457
